﻿<?xml version="1.0" encoding="utf-8" standalone="yes" ?>
<Window size="350,295" sizebox="4,4,6,6" caption="0,0,0,30">
	    <Container name="ContainerUI1" pos="0,65,300,320" width="300" height="255">
        <Container name="ContainerUI2" float="true" pos="0,0,350,73">
            <Text name="textAccountBanner" text="账号保护，可以有效的防止游戏木马和游戏盗号！" float="true" pos="33,12,340,55" textpadding="2,0,2,0" textcolor="#FFFFFFFF" disabledtextcolor="#FFA7A6AA" align="wrap" font="1"/>
            <Button name="AccountOpenBtn" text="开启保护" float="true" pos="240,41,330,66" textcolor="#FF383838" disabledtextcolor="#FFA7A6AA" align="center" normalimage="skin/button_normal.png" hotimage="skin/button_defaultnormal.png" pushedimage="skin/button_highlight.png" font="1"/>
        </Container>
        <Container name="ContainerUI3" float="true" pos="3,73,347,294" >
 <List name="Injectlist" bkcolor="#FFFFFFFF" inset="1,0,1,0" itemshowhtml="true" headerbkimage="file='skin/list_header_bg.png'" itemalign="center"  hscrollbar="false" menu="true">
						<ListHeader height="25" menu="true">
							<ListHeaderItem text="名称" font="1" textcolor="#FF585858" width="85" sepimage="file='skin/list_header_sep.png'" sepwidth="1"/>
							<ListHeaderItem text="路径" font="1" textcolor="#FF585858" width="86" sepimage="file='skin/list_header_sep.png'" sepwidth="1"/>
							<ListHeaderItem text="状态" font="1" textcolor="#FF585858" width="92" sepimage="file='skin/list_header_sep.png'" sepwidth="1"/>
							<ListHeaderItem text="查杀" font="1" textcolor="#FF585858" width="87" sepimage="file='skin/list_header_sep.png'" sepwidth="1"/>
						</ListHeader>
					</List>
</Container>
	<Container name="NoEnableContaitner" float="true" pos="0,150,350,290" >
	<Label name="accountStateLabel" text="" float="true" pos="40,0,67,27" textcolor="#FF585858" disabledtextcolor="#FFA7A6AA" font="3" bkimage="skin/greenicon.png"/>
	<Text name="accountStateText" text="帐号保护未开启，无法使用木马拦截功能" float="true" pos="70,6,348,40" textpadding="2,0,2,0"  textcolor="#FF585858" disabledtextcolor="#FFA7A6AA" align="left" font="1"/>
	</Container>
    </Container>
</Window>
