﻿<?xml version="1.0" encoding="utf-8" standalone="yes" ?>
<Window size="250,150" sizebox="4,4,6,6" caption="0,0,0,30">
    <Font name="" size="13" bold="false" italic="false" />
    <Container name="ContainerUI1" pos="116,55,173,100" width="57" height="45" bkcolor="#FFA5A5A5">
        <Container name="ContainerUI2" float="true" pos="0,0,250,20" bkcolor="#FFE1E1E1">
            <Text name="TextUI1" text="添加更多游戏" float="true" pos="7,4,96,15" textpadding="2,0,2,0" textcolor="#FF000000" disabledtextcolor="#FFA7A6AA" align="wrap" />
        </Container>
        <Label name="LabelUI1" float="true" pos="16,30,56,70" bkimage="图片8.png" bkcolor="#FFE1E1E1" textcolor="#FF000000" disabledtextcolor="#FFA7A6AA" />
        <Button name="ButtonUI1" text="确定" float="true" pos="114,119,162,140" textcolor="#FF000000" disabledtextcolor="#FFA7A6AA" align="center" />
        <Button name="ButtonUI2" text="取消" float="true" pos="180,120,228,141" textcolor="#FF000000" disabledtextcolor="#FFA7A6AA" align="center" />
        <Text name="TextUI2" text="请添加游戏快捷方式或可执行文件，支持鼠标拖放" float="true" pos="13,85,235,111" textpadding="2,0,2,0" textcolor="#FF000000" disabledtextcolor="#FFA7A6AA" font="0" align="wrap" />
    </Container>
</Window>
