﻿<?xml version="1.0" encoding="utf-8" standalone="yes" ?>
<Window size="350,31" sizebox="4,4,6,6" caption="0,0,0,30">
    <Font name="@宋体" size="13" bold="false" italic="false" />
    <Container name="ContainerUI8" pos="0,0,350,28" width="350" height="28">
        <Container name="LabelUI1" float="true" pos="14,4,34,24" bkimage="图片5.png" />
        <Label name="LabelUI2" text="天堂" float="true" pos="41,6,119,22" textcolor="#FF585858" disabledtextcolor="#FFA7A6AA" />
        <Option name="OptionUI1" float="true" pos="147,9,162,24" textcolor="#FF000000" disabledtextcolor="#FFA7A6AA" align="center" normalimage="skin/checkbox.png" hotimage="skin/checkbutton_uncheckedPushedTexture.bmp" pushedimage="skin/halfcheckbutton_checkedPushedTexture.bmp" selectedimage="skin/checkbox_active.png" />
        <Option name="OptionUI2" float="true" pos="219,9,234,24" textcolor="#FF000000" disabledtextcolor="#FFA7A6AA" align="center" normalimage="skin/checkbox.png" hotimage="skin/checkbutton_uncheckedPushedTexture.bmp" pushedimage="skin/halfcheckbutton_checkedPushedTexture.bmp" selectedimage="skin/checkbox_active.png" />
        <Option name="OptionUI3" float="true" pos="291,9,306,24" textcolor="#FF000000" disabledtextcolor="#FFA7A6AA" align="center" normalimage="skin/checkbox.png" hotimage="skin/checkbutton_uncheckedPushedTexture.bmp" pushedimage="skin/halfcheckbutton_checkedPushedTexture.bmp" selectedimage="skin/checkbox_active.png" />
    </Container>
</Window>
