﻿<?xml version="1.0" encoding="utf-8" standalone="yes" ?>
<Window size="350,295" sizebox="4,4,6,6" caption="0,0,0,30">
    <Container name="ContainerUI1" pos="67,74,226,196" width="159" height="122">
        <Container name="ContainerUI2" float="true" pos="0,0,350,73">
            <Text name="TextUI1" text="优化设置中的内容可以根据您的意愿设置哟！" float="true" pos="33,12,330,55" textpadding="2,0,2,0" textcolor="#FFFFFFFF" disabledtextcolor="#FFA7A6AA" font="1" align="wrap" />
            <Button name="btSelectAll" text="全部勾选" float="true" pos="240,41,330,66" textcolor="#FF383838" disabledtextcolor="#FFA7A6AA" align="center" normalimage="skin/button_normal.png" hotimage="skin/button_defaultnormal.png" pushedimage="skin/button_highlight.png" disabledimage="skin/button_unavailable.png" font="1"/>
        </Container>
        <Container name="ContainerUI3" float="true" pos="2,73,348,294">
            <VerticalLayout name="VerticalLayoutUI1" pos="0,0,350,222" width="350" height="222" inset="1,0,0,0">
                <Container name="ContainerUI4" pos="2,4,345,29" width="344" height="25" bkcolor="#FFE8E8E8">
                    <Text name="TextUI2" text="游戏名称" float="true" pos="10,3,100,21" textpadding="2,0,2,0" textcolor="#FF585858" disabledtextcolor="#FFA7A6AA" align="center" font="1"/>
		    <Label name="LabelUI333" pos="117,0,120,26"  float="true"  bkimage="skin/list_header_sep.png" textcolor="#FF585858" disabledtextcolor="#FFA7A6AA" />
                    <Text name="TextUI3" text="帐号保护" float="true" pos="121,3,190,21" textpadding="2,0,2,0" textcolor="#FF585858" disabledtextcolor="#FFA7A6AA" align="center" font="1"/>
		    <Label name="LabelUI444" pos="192,0,195,26"  float="true"  bkimage="skin/list_header_sep.png" textcolor="#FF585858" disabledtextcolor="#FFA7A6AA" />
                    <Text name="TextUI4" text="网速保护" float="true" pos="196,3,265,21" textpadding="2,0,2,0" textcolor="#FF585858" disabledtextcolor="#FFA7A6AA" align="center" font="1"/>
		    <Label name="LabelUI555" pos="269,0,272,26"  float="true"  bkimage="skin/list_header_sep.png" textcolor="#FF585858" disabledtextcolor="#FFA7A6AA" />
                    <Text name="TextUI5" text="免打扰" float="true" pos="273,3,347,21" textpadding="2,0,2,0" textcolor="#FF585858" disabledtextcolor="#FFA7A6AA" align="center" font="1"/>
                </Container>
                <VerticalLayout name="VLBigTable" pos="0,28,348,200" width="348" height="172" />
                <Container name="ContainerUI6" pos="0,197,344,222" width="344" height="25" bordercolor="#FFE8E8E8">
                    <Label name="LabelUI1" text="显示正在运行的程序" float="true" pos="41,6,178,21" textcolor="#00727272" disabledtextcolor="#FFA7A6AA" />
                    <Option name="btshowRunningOpt" float="true" pos="19,5,34,20" textcolor="#FF000000" disabledtextcolor="#FFA7A6AA" align="center" normalimage="skin/checkbox.png" hotimage="skin/checkbutton_uncheckedPushedTexture.bmp" pushedimage="skin/halfcheckbutton_checkedPushedTexture.bmp" selectedimage="skin/checkbox_active.png" />
                </Container>
            </VerticalLayout>
        </Container>
    </Container>
</Window>
