﻿<?xml version="1.0" encoding="utf-8" standalone="yes" ?>
<Window size="307,165" sizebox="4,4,6,6" caption="0,0,0,30">
    <Font name="微软雅黑" size="14" bold="false" italic="false" />
    <Font name="微软雅黑" size="12" bold="true" italic="false" />
    <Container name="ContainerUI1" pos="118,53,239,128" width="121" height="75" bkimage="skin/tipsbackground.png">
        <Container name="ContainerUI3" pos="0,0,227,20" width="227" height="20">
            <Label name="LabelUI1" text="关闭进程" float="true" pos="6,6,100,19" bkimage="" textcolor="#FFFFFFFF" disabledtextcolor="#FFA7A6AA" font="1"/>
            <Button name="btnClose" float="true" pos="260,0,300,20" textcolor="#FF000000" disabledtextcolor="#FFA7A6AA" align="center" normalimage="skin/5.png" hotimage="skin/5-warning.png"/>
            <Label name="LabelUI2" float="true" pos="15,51,41,77" bkimage="skin/warningIcon.png" textcolor="#FF000000" disabledtextcolor="#FFA7A6AA" />
            <Text name="TextUI2" text="这会导致程序自动关闭" float="true" pos="51,86,301,122" textpadding="2,0,2,0" textcolor="#00838383" disabledtextcolor="#FFA7A6AA" align="wrap" />
        </Container>
        <Text name="TextUI1" text="你确定要关闭进程么，这会导致程序自动关闭" float="true" pos="51,51,300,73" textpadding="2,0,2,0" textcolor="#FF000000" disabledtextcolor="#FFA7A6AA" align="wrap" />
        <Button name="IDYES" text="确定" float="true" pos="132,128,205,153" textcolor="#FF000000" disabledtextcolor="#FFA7A6AA" align="center" normalimage="skin/button_normal2.png" hotimage="skin/button_defaultnormal2.png" pushedimage="skin/button_highlight2.png" />
        <Button name="IDNO" text="取消" float="true" pos="223,128,296,153" textcolor="#FF000000" disabledtextcolor="#FFA7A6AA" align="center" normalimage="skin/button.png" hotimage="skin/button_defaultnormal2.png" pushedimage="skin/button_highlight2.png" />
    </Container>
</Window>
