﻿<?xml version="1.0" encoding="utf-8" standalone="yes" ?>
<Window size="307,209" sizebox="4,4,6,6" caption="0,0,0,30">
    <Font name="微软雅黑" size="12" bold="false" italic="false" />
    <Container name="ContainerUI1" pos="0,59,69,94" width="69" height="35" bkimage="skin/endingtips.png">
        <Container name="ContainerUI3" float="true" pos="0,0,307,25">
            <Label name="LabelUI1" text="游戏小管家" float="true" pos="4,0,100,22" textcolor="#FFFFFFFF" disabledtextcolor="#FFA7A6AA" font="0" />
            <Button name="btnClose" float="true" pos="262,0,302,20" textcolor="#FF000000" disabledtextcolor="#FFA7A6AA" align="center" normalimage="skin/5.png" hotimage="skin/5-warning.png" />
        </Container>
        <Container name="ContainerUI2" float="true" pos="12,33,298,89">
            <Label name="GameIcon" float="true" pos="3,20,35,52" bkimage="skin/41.png" textcolor="#FF000000" disabledtextcolor="#FFA7A6AA" />
            <Container name="Container2" float="true" pos="187,9,248,58">
                <Label name="lbltime1" float="true" pos="7,11,29,43" textcolor="#FF000000" disabledtextcolor="#FFA7A6AA" />
                <Label name="lbltime2" float="true" pos="32,11,54,43" textcolor="#FF000000" disabledtextcolor="#FFA7A6AA" />
            </Container>
            <Text name="tetTimeInfo" text="小时" float="true" pos="255,34,300,52" textpadding="2,0,2,0" textcolor="#FF383838" disabledtextcolor="#FFA7A6AA" align="wrap" />
            <Text name="bannerText" text="游戏小管家为您加速游戏" float="true" pos="39,19,191,49" textpadding="2,0,2,0" textcolor="#FF000000" disabledtextcolor="#FFA7A6AA" align="wrap" />
        </Container>
        <VerticalLayout name="VerticalLayoutUI1" float="true" pos="0,112,307,205">
            <Container name="ContainerUI4" pos="0,0,307,22" width="307" height="22">
                <Text name="TextUI5" text="账号保护成功，拦截恶意攻击" float="true" pos="27,5,300,24" textpadding="2,0,2,0" textcolor="#FF383838" disabledtextcolor="#FFA7A6AA" align="wrap" />
                <Label name="lblInjectCount" text="198" float="true" pos="208,2,235,26" textcolor="#FFFE0000" disabledtextcolor="#FFA7A6AA" align="right" />
                <Text name="TextUI8" text="次" float="true" pos="235,5,268,24" textpadding="2,0,2,0" textcolor="#FF383838" disabledtextcolor="#FFA7A6AA" align="wrap" />
            </Container>
            <Container name="ContainerUI5" pos="0,0,307,22" width="307" height="22">
                <Text name="TextUI4" text="累计释放内存资源" float="true" pos="27,5,300,24" textpadding="2,0,2,0" textcolor="#FF383838" disabledtextcolor="#FFA7A6AA" align="wrap" />
                <Label name="lblMem" text="198" float="true" pos="150,2,235,26" textcolor="#FF00A103" disabledtextcolor="#FFA7A6AA" align="right" />
                <Text name="TextUI7" text="MB" float="true" pos="235,5,268,24" textpadding="2,0,2,0" textcolor="#FF383838" disabledtextcolor="#FFA7A6AA" align="wrap" />
            </Container>
            <Container name="ContainerUI6" pos="0,0,307,22" width="307" height="22">
                <Text name="TextUI6" text="游戏加速，限速程序已被恢复" float="true" pos="27,5,300,24" textpadding="2,0,2,0" textcolor="#FF383838" disabledtextcolor="#FFA7A6AA" align="wrap" />
            </Container>
            <Container name="ContainerUI7" pos="0,0,307,22" width="307" height="22">
                <Text name="TextUI6" text="防止游戏时弹窗抢焦点" float="true" pos="27,5,300,24" textpadding="2,0,2,0" textcolor="#FF383838" disabledtextcolor="#FFA7A6AA" align="wrap" />
            </Container>
        </VerticalLayout>
    </Container>
</Window>
