﻿<?xml version="1.0" encoding="utf-8" standalone="yes" ?>
<Window size="307,165" sizebox="4,4,6,6" caption="0,0,0,30">
    <Font name="微软雅黑" size="12" bold="false" italic="false" />
    <Font name="微软雅黑" size="12" bold="true" italic="false" />
    <Container name="ContainerUI1" pos="0,59,69,94" width="69" height="35" bkimage="skin/tipsbackground.png">
        <Container name="ContainerUI3" pos="0,0,227,20" width="227" height="20">
            <Label name="LabelUI1" float="true" pos="6,2,100,24" bkimage="" text="游戏小管家" textcolor="#FFFFFFFF" disabledtextcolor="#FFA7A6AA" font="1"/>
            <Button name="btnClose" float="true" pos="262,0,302,20" textcolor="#FF000000" disabledtextcolor="#FFA7A6AA" align="center" normalimage="skin/5.png" hotimage="skin/5-warning.png" />
        </Container>
        <Label name="LabelUI2" float="true" pos="30,39,56,65" bkimage="skin/warningIcon.png" textcolor="#FF000000" disabledtextcolor="#FFA7A6AA" />
        <Text name="TextUI1" text="xxx为高风险模块" float="true" pos="66,41,315,65" textpadding="2,0,2,0" textcolor="#FF000000" disabledtextcolor="#FFA7A6AA" align="wrap" />
        <Text name="TextUI2" text="电脑管家可以帮您进行病毒和木马的彻底查杀，保护您的电脑安全运行。" float="true" pos="26,76,301,112" textpadding="2,0,2,0" textcolor="#00838383" disabledtextcolor="#FFA7A6AA" align="wrap" />
        <Button name="ButtonUI1" text="电脑管家下载" float="true" pos="199,128,293,153" textcolor="#FF383838" disabledtextcolor="#FFA7A6AA" align="center" normalimage="skin/35.png" hotimage="skin/35-1.png" pushedimage="skin/35-2.png" />
        <Button name="ButtonUI2" text="暂不查杀" float="true" pos="123,129,195,154" textcolor="#000080FF" disabledtextcolor="#FFA7A6AA" font="0" align="center" />
    </Container>
</Window>
