﻿<?xml version="1.0" encoding="utf-8" standalone="yes" ?>
<Window size="350,295" sizebox="4,4,6,6" caption="0,0,0,30">
    <Container name="ContainerUI1" pos="115,62,465,347" width="350" height="285">
        <Container name="ContainerUI2" float="true" pos="0,0,350,73">
            <Label name="LabelUI4" float="true" pos="8,8,64,64" bkimage="skin/3.png" textcolor="#FF000000" disabledtextcolor="#FFA7A6AA" />
            <Text name="FirstPageBanner" text="点击智能优化,验极速安全的游戏" float="true" pos="68,12,337,43" textpadding="2,0,2,0" textcolor="#FFFFFFFF" disabledtextcolor="#FFA7A6AA" font="1" align="wrap" />
            <Button name="BtnOptAll" text="" float="true" pos="236,37,328,63" textcolor="#FF000000" disabledtextcolor="#FFA7A6AA" align="center" normalimage="skin/55-normal.png" hotimage="skin/55-hover.png" pushedimage="skin/55-select.png" textcolor="#FFFFFFFF" font="5"/>
        </Container>
        <Container name="ContainerUI3" float="true" pos="0,73,350,295" padding="1,0,1,0">
            <Container name="MainPageContainer" float="true" pos="0,0,350,107">
                <Text name="textGameCount" text="{c #585858}扫到{/c}{c #3EA711} 8 {/c}{c #585858}款游戏，可以智能优化{/c}" float="true" pos="13,10,227,27" textpadding="2,0,2,0" textcolor="#FF585858" disabledtextcolor="#FFA7A6AA" showhtml="true" align="wrap" />
                <HorizontalLayout name="HLFirstUIGame" float="true" pos="24,33,326,74" childpadding="10"/>
                <Button name="leftbtn" visible="false" float="true" pos="7,40,13,55" textcolor="#FF000000" disabledtextcolor="#FFA7A6AA" align="center" normalimage="skin/26.png" hotimage="skin/26-1.png" />
                <Button name="rightbtn" visible="false" float="true" pos="329,40,335,55" textcolor="#FF000000" disabledtextcolor="#FFA7A6AA" align="center" normalimage="skin/27.png" hotimage="skin/27-1.png" />
                <Container name="SystemInfoContatiner" float="true" pos="0,76,350,107">
                    <Text name="TextUI1" text="CPU占用率" float="true" pos="23,1,115,18" textpadding="2,0,2,0" textcolor="#FF585858" disabledtextcolor="#FFA7A6AA" font="2" align="wrap" />
                    <Text name="TextCpu" float="true" pos="115,3,127,16" bkimage="2.png" minwidth="12" minheight="13" textpadding="2,0,2,0" textcolor="#FF000000" disabledtextcolor="#FFA7A6AA" align="wrap" />
                    <Text name="TextUI5" text="内存占用率" float="true" pos="180,1,270,20" textpadding="2,0,2,0" textcolor="#FF585858" disabledtextcolor="#FFA7A6AA" font="2" align="wrap" />
                    <Text name="TextCpu1" float="true" pos="127,3,139,16" bkimage="6.png" textpadding="2,0,2,0" textcolor="#FF000000" disabledtextcolor="#FFA7A6AA" align="wrap" />
                    <Text name="TextUI2" float="true" pos="139,3,159,16" bkimage="skin/number/10.png" textpadding="2,0,2,0" textcolor="#FF000000" disabledtextcolor="#FFA7A6AA" align="wrap" />
                    <Text name="TextMem" float="true" pos="275,3,287,16" bkimage="2.png" textpadding="2,0,2,0" textcolor="#FF000000" disabledtextcolor="#FFA7A6AA" align="wrap" />
                    <Text name="TextMem1" float="true" pos="287,3,299,16" bkimage="2.png" textpadding="2,0,2,0" textcolor="#FF000000" disabledtextcolor="#FFA7A6AA" align="wrap" />
                    <Text name="TextUI4" float="true" pos="299,3,319,16" bkimage="skin/number/10.png" textpadding="2,0,2,0" textcolor="#FF000000" disabledtextcolor="#FFA7A6AA" align="wrap" />
                </Container>
                 <Container name="ProcessbarContatiner" float="true" visible="false" pos="0,76,350,107">
				<Label name="ProcessBarText" text="正在释放内存....." float="true" pos="8,0,335,15"  textcolor="#FF585858" disabledtextcolor="#FFA7A6AA" />
				<Label name="LabelUI42" float="true" pos="8,14,335,28" bkimage="skin/processbarbkg.png" textcolor="#FF000000" disabledtextcolor="#FFA7A6AA" />
                 		<Label name="LabelUI41" float="true" pos="8,15,14,27" bkimage="skin/thumbleft.png" textcolor="#FF000000" disabledtextcolor="#FFA7A6AA" />
                    <Slider name="SliderUIFirstPage" float="true" pos="14,15,350,27" textcolor="#FF000000" disabledtextcolor="#FFA7A6AA" align="center" fgimage="skin/progress_foreground.png" min="0" max="100" value="50" hor="true" thumbimage="skin/thumbright.png" thumbsize="32,12" />
                </Container> 	
            </Container>
            <TabLayout name="firstPageSwich" float="true" pos="3,107,348,220">
                <VerticalLayout name="VLSingleLine" pos="2,107,348,220" width="344" height="113" />
            </TabLayout>
        </Container>
    </Container>
</Window>
