﻿<?xml version="1.0" encoding="utf-8" standalone="yes" ?>
<Window size="350,390" sizebox="4,4,6,6" caption="0,0,0,30" roundcorner="2,2">
    <Font name="微软雅黑" size="9" bold="false" italic="false" />
    <Font name="微软雅黑" size="13" bold="false" italic="false" />
    <Font name="微软雅黑" size="14" bold="true" italic="false" />
    <Font name="微软雅黑" size="12" bold="false" italic="false" />
    <Font name="微软雅黑" size="12" bold="false" italic="false" />
    <Font name="微软雅黑" size="13" bold="true" italic="false" />
    <Font name="微软雅黑" size="11" bold="false" italic="false" />
    <Font name="微软雅黑" size="12" bold="true" italic="false" />
    <Default name="VScrollBar" value="button1normalimage=&quot;file='scrollbar.bmp' source='0,90,16,106' mask='#FFFF00FF'&quot; button1hotimage=&quot;file='scrollbar.bmp' source='18,90,34,106' mask='#FFFF00FF'&quot; button1pushedimage=&quot;file='scrollbar.bmp' source='36,90,52,106' mask='#FFFF00FF'&quot; button1disabledimage=&quot;file='scrollbar.bmp' source='54,90,70,106' mask='#FFFF00FF'&quot; button2normalimage=&quot;file='scrollbar.bmp' source='0,108,16,124' mask='#FFFF00FF'&quot; button2hotimage=&quot;file='scrollbar.bmp' source='18,108,34,124' mask='#FFFF00FF'&quot; button2pushedimage=&quot;file='scrollbar.bmp' source='36,108,52,124' mask='#FFFF00FF'&quot; button2disabledimage=&quot;file='scrollbar.bmp' source='54,108,70,124' mask='#FFFF00FF'&quot; thumbnormalimage=&quot;file='scrollbar.bmp' source='0,126,16,142' corner='2,2,2,2' mask='#FFFF00FF'&quot; thumbhotimage=&quot;file='scrollbar.bmp' source='18,126,34,142' corner='2,2,2,2' mask='#FFFF00FF'&quot; thumbpushedimage=&quot;file='scrollbar.bmp' source='36,126,52,142' corner='2,2,2,2' mask='#FFFF00FF'&quot; thumbdisabledimage=&quot;file='scrollbar.bmp' source='54,126,70,142' corner='2,2,2,2' mask='#FFFF00FF'&quot; railnormalimage=&quot;file='scrollbar.bmp' source='0,144,16,160' corner='2,2,2,2' mask='#FFFF00FF'&quot; railhotimage=&quot;file='scrollbar.bmp' source='18,144,34,160' corner='2,2,2,2' mask='#FFFF00FF'&quot; railpushedimage=&quot;file='scrollbar.bmp' source='36,144,52,160' corner='2,2,2,2' mask='#FFFF00FF'&quot; raildisabledimage=&quot;file='scrollbar.bmp' source='54,144,70,160' corner='2,2,2,2' mask='#FFFF00FF'&quot; bknormalimage=&quot;file='scrollbar.bmp' source='0,162,16,178' corner='2,2,2,2' mask='#FFFF00FF'&quot; bkhotimage=&quot;file='scrollbar.bmp' source='18,162,34,178' corner='2,2,2,2' mask='#FFFF00FF'&quot; bkpushedimage=&quot;file='scrollbar.bmp' source='36,162,52,178' corner='2,2,2,2' mask='#FFFF00FF'&quot; bkdisabledimage=&quot;file='scrollbar.bmp' source='54,162,70,178' corner='2,2,2,2' mask='#FFFF00FF'&quot; " />
		<Default name="VScrollBar" value="button1normalimage=&quot;file='scrollbar.bmp' source='0,0,16,16' mask='#FFFF00FF'&quot; button1hotimage=&quot;file='scrollbar.bmp' source='18,0,34,16' mask='#FFFF00FF'&quot; button1pushedimage=&quot;file='scrollbar.bmp' source='36,0,52,16' mask='#FFFF00FF'&quot; button1disabledimage=&quot;file='scrollbar.bmp' source='54,0,70,16' mask='#FFFF00FF'&quot; button2normalimage=&quot;file='scrollbar.bmp' source='0,18,16,34' mask='#FFFF00FF'&quot; button2hotimage=&quot;file='scrollbar.bmp' source='18,18,34,34' mask='#FFFF00FF'&quot; button2pushedimage=&quot;file='scrollbar.bmp' source='36,18,52,34' mask='#FFFF00FF'&quot; button2disabledimage=&quot;file='scrollbar.bmp' source='54,18,70,34' mask='#FFFF00FF'&quot; thumbnormalimage=&quot;file='scrollbar.bmp' source='0,36,16,52' corner='2,2,2,2' mask='#FFFF00FF'&quot; thumbhotimage=&quot;file='scrollbar.bmp' source='18,36,34,52' corner='2,2,2,2' mask='#FFFF00FF'&quot; thumbpushedimage=&quot;file='scrollbar.bmp' source='36,36,52,52' corner='2,2,2,2' mask='#FFFF00FF'&quot; thumbdisabledimage=&quot;file='scrollbar.bmp' source='54,36,70,52' corner='2,2,2,2' mask='#FFFF00FF'&quot; railnormalimage=&quot;file='scrollbar.bmp' source='0,54,16,70' corner='2,2,2,2' mask='#FFFF00FF'&quot; railhotimage=&quot;file='scrollbar.bmp' source='18,54,34,70' corner='2,2,2,2' mask='#FFFF00FF'&quot; railpushedimage=&quot;file='scrollbar.bmp' source='36,54,52,70' corner='2,2,2,2' mask='#FFFF00FF'&quot; raildisabledimage=&quot;file='scrollbar.bmp' source='54,54,70,70' corner='2,2,2,2' mask='#FFFF00FF'&quot; bknormalimage=&quot;file='scrollbar.bmp' source='0,72,16,88' corner='2,2,2,2' mask='#FFFF00FF'&quot; bkhotimage=&quot;file='scrollbar.bmp' source='18,72,34,88' corner='2,2,2,2' mask='#FFFF00FF'&quot; bkpushedimage=&quot;file='scrollbar.bmp' source='36,72,52,88' corner='2,2,2,2' mask='#FFFF00FF'&quot; bkdisabledimage=&quot;file='scrollbar.bmp' source='54,72,70,88' corner='2,2,2,2' mask='#FFFF00FF'&quot; " />	
    <VerticalLayout name="VerticalLayoutUI1" pos="45,62,231,240" width="186" height="178" bkimage="skin/background.png">
        <Container name="ContainerUI1" pos="0,0,350,30" width="350" height="30">
	    <Label name="LabelUI11" float="true" pos="7,6,25,24" textcolor="#FFFFFFFF" disabledtextcolor="#FFA7A6AA" bkimage="skin/title_icon.png"/>
            <Label name="LabelUI1" float="true" pos="27,4,120,27" textcolor="#FFFFFFFF" text="游戏小管家" disabledtextcolor="#FFA7A6AA" bkimage="" font="7"/>
            <Button name="SettingBtn" text="设置" float="true" pos="310,4,345,25" textcolor="#00FFFFFF" disabledtextcolor="#FFA7A6AA" align="center" font="3"/>
            <Button name="FeedbackBtn" text="反馈意见" float="true" pos="246,4,310,25" textcolor="#00FFFFFF" disabledtextcolor="#FFA7A6AA" align="center" font="3"/>
        </Container>
        <TabLayout name="switch" pos="0,0,350,295" width="350" height="295">
            <HorizontalLayout name="HorizontalLayoutUI1">
	    				<MainPage />
	    			</HorizontalLayout>
            <HorizontalLayout name="HorizontalLayoutUI2">
							<NetProtectPage />
            </HorizontalLayout>
            <HorizontalLayout name="HorizontalLayoutUI3">
							<AccountProtectPage />
            </HorizontalLayout>
            <HorizontalLayout name="HorizontalLayoutUI4">
							<BigTablePage />
            </HorizontalLayout>
        </TabLayout>
        <Container name="ContainerUI4" pos="0,325,350,389" width="350" height="64">
            <Button name="tabbtnMain" float="true" pos="20,4,77,59" textcolor="#FF000000" text="首页" textpadding="0,35,0,0" disabledtextcolor="#FFA7A6AA" align="center" normalimage="skin/8-2.png" hotimage="skin/8.png" pushedimage="skin/8-1.png" font="6"/>
            <Button name="tabbtnNet" float="true" pos="106,4,163,59" textcolor="#FF000000" text="网速保护" textpadding="0,35,0,0" disabledtextcolor="#FFA7A6AA" align="center" normalimage="skin/7-2.png" hotimage="skin/7.png" pushedimage="skin/7-1.png" font="6"/>
            <Button name="tabbtnPro" float="true" pos="192,4,249,59" textcolor="#FF000000" text="帐号保护" textpadding="0,35,0,0" disabledtextcolor="#FFA7A6AA" align="center" normalimage="skin/9-2.png" hotimage="skin/9.png" pushedimage="skin/9-1.png" font="6"/>
            <Button name="tabbtnAll" float="true" pos="278,4,335,59" textcolor="#FF000000" text="优化配置" textpadding="0,35,0,0" disabledtextcolor="#FFA7A6AA" align="center" normalimage="skin/10-2.png" hotimage="skin/10.png" pushedimage="skin/10-1.png" font="6"/>
            <Label name="netNum" visible="false" float="true" pos="141,1,161,21" bkimage="skin/rednum1.png" textcolor="#FF000000" disabledtextcolor="#FFA7A6AA" />
            <Label name="accountNum" visible="false" float="true" pos="226,1,246,21" bkimage="skin/rednum1.png" textcolor="#FF000000" disabledtextcolor="#FFA7A6AA" />
        </Container>
    </VerticalLayout>
</Window>
