﻿<?xml version="1.0" encoding="utf-8" standalone="yes" ?>
<Window size="235,47" sizebox="4,4,6,6" caption="0,0,0,30" roundcorner="3,3">
    <Font name="微软雅黑" size="10" bold="false" italic="false" />
    <Container name="ContainerUI4" pos="49,5,317,54" width="268" height="49">
        <HorizontalLayout name="HorizontalLayoutUI1" float="true" pos="15,0,235,47">
            <HorizontalLayout name="InfoContainer" float="true" pos="0,0,220,47" bkimage="skin/1-1.png" inset="39,16,0,0">
                <Container name="ContainerUI1" pos="0,18,60,44" width="60" height="26">
                    <Label name="lblNetDown" text="999KB/S" float="true" pos="13,0,61,13" textcolor="#FF4C8EC1" disabledtextcolor="#FFA7A6AA" font="0" align="left" />
                    <Label name="lblNetDownIcon" float="true" pos="3,1,12,13" bkimage="skin/down.png" textcolor="#FF000000" disabledtextcolor="#FFA7A6AA" />
                </Container>
                <Container name="ContainerUI2" pos="60,14,122,40" width="62" height="26">
                    <Label name="lblNetUpIcon" float="true" pos="1,1,10,13" bkimage="skin/up.png" textcolor="#FF000000" disabledtextcolor="#FFA7A6AA" />
                    <Label name="lblNetUp" text="999KB/S" float="true" pos="13,0,61,13" textcolor="#FF4C8EC1" disabledtextcolor="#FFA7A6AA" font="0" align="left" />
                </Container>
                <Container name="ContainerUI3" pos="1,25,66,51" width="65" height="26">
                    <Label name="lblFpsIcon" float="true" pos="3,2,12,14" bkimage="skin/fpsicon.png" textcolor="#FF000000" disabledtextcolor="#FFA7A6AA" />
                    <Label name="lblFps" text="0FPS" float="true" pos="14,0,54,13" textcolor="#FF4C8EC1" disabledtextcolor="#FFA7A6AA" font="0" align="left" />
                </Container>
            </HorizontalLayout>
        </HorizontalLayout>
        <Label name="LogoBkg" float="true" pos="0,0,46,47" bkimage="skin/1-3.png" textcolor="#FF000000" disabledtextcolor="#FFA7A6AA" align="center" />
        <Label name="LogoBkg2" float="true" pos="15,13,31,29" bkimage="skin/logo16.png" textcolor="#FF000000" disabledtextcolor="#FFA7A6AA" align="center" />
        <Label name="highlightlabel" float="true" pos="0,0,46,47" bkimage="skin/highlight.png" textcolor="#FF000000" disabledtextcolor="#FFA7A6AA" align="center" />
    </Container>
</Window>
