﻿<?xml version="1.0" encoding="utf-8" standalone="yes" ?>
<Window size="350,295" sizebox="4,4,6,6" caption="0,0,0,30">
    <Container name="ContainerUI1" pos="0,65,300,320" width="300" height="255">
        <Container name="ContainerUI2" float="true" pos="0,0,350,73">
            <Text name="textNetBanner" text="<f 1><c #FFFFFF>游戏卡、掉线与网速过慢有关，开启网速保护为游戏加速！</c></f>" float="true" pos="33,12,340,55" textpadding="2,0,2,0" textcolor="#FFFFFFFF" disabledtextcolor="#FFA7A6AA" align="wrap" font="1"/>
            <Button name="BtnOptNetAll" text="加速游戏" float="true" pos="240,41,330,66" textcolor="#FF383838" disabledtextcolor="#FFA7A6AA" align="center" normalimage="skin/button_normal.png" hotimage="skin/button_defaultnormal.png" pushedimage="skin/button_highlight.png" font="1"/>
        </Container>
        <Container name="ContainerUI3" float="true" pos="3,73,347,294" >
 <List name="Netlist" bkcolor="#FFFFFFFF" inset="1,0,1,0" itemshowhtml="true"  headerbkimage="file='skin/list_header_bg.png'" itemalign="center"  hscrollbar="false" menu="true">
						<ListHeader height="25" menu="true">
							<ListHeaderItem text="名称" font="1" textcolor="#FF585858" width="85" sepimage="file='skin/list_header_sep.png'" sepwidth="1"/>
							<ListHeaderItem text="占用网速" font="1" textcolor="#FF585858" width="86" sepimage="file='skin/list_header_sep.png'" sepwidth="1"/>
							<ListHeaderItem text="限速建议" font="1" textcolor="#FF585858" width="92" sepimage="file='skin/list_header_sep.png'" sepwidth="1"/>
							<ListHeaderItem text="进程限速" font="1" textcolor="#FF585858" width="87" sepimage="file='skin/list_header_sep.png'" sepwidth="1"/>
						</ListHeader>
					</List>
</Container>
	<Container name="NetNoEnableContaitner" float="true" pos="0,150,350,290" >
	<Label name="Label100" text="" float="true" pos="130,0,220,67" textcolor="#FF585858" disabledtextcolor="#FFA7A6AA" font="3" bkimage="skin/24-2.png"/>
	<Text name="Text100" text="您的网速良好，没有占用网速的程序" float="true" pos="47,72,303,89" textpadding="2,0,2,0"  textcolor="#FF585858" disabledtextcolor="#FFA7A6AA" align="center" font="1"/>
	</Container>
    </Container>
</Window>
