﻿<?xml version="1.0" encoding="utf-8" standalone="yes" ?>
<Window size="350,28" sizebox="4,4,6,6" caption="0,0,0,28" >
 <ListContainerElement name="ContainerUI8" pos="0,0,350,28" width="350" height="28">
                        <Label name="LabelUI1" float="true" pos="5,6,21,22" bkimage="图片5.png" textcolor="#FF000000" disabledtextcolor="#FFA7A6AA" />
                        <Label name="LabelUI2" text="天堂" float="true" pos="25,6,85,21" textcolor="#FF585858" disabledtextcolor="#FFA7A6AA" font="4"/>
			<Button name="LabelUI3" float="true" pos="100,6,110,17" bkimage="图片5.png" textcolor="#FF000000" disabledtextcolor="#FFA7A6AA" />
                        <Label text="1" float="true" pos="110,6,171,21" textcolor="#FF585858" disabledtextcolor="#FFA7A6AA" align="center" font="4"/>
                        <Label text="80%用户限速" float="true" pos="171,6,263,21" textcolor="#FF585858" disabledtextcolor="#FFA7A6AA" align="center" font="4"/>
                        <Button text="限速" float="true" pos="263,6,320,21" textcolor="#FF047ECB" disabledtextcolor="#FFA7A6AA" align="center" font="4"/>
			<Button text="" float="true" pos="310,4,326,20" normalimage="skin/29.png" textcolor="#FF000000" disabledtextcolor="#FFA7A6AA"  align="center" />
  </ListContainerElement>
</Window>
