﻿<?xml version="1.0" encoding="utf-8" standalone="yes" ?>
<Window size="310,148" sizebox="4,4,6,6" caption="0,0,0,30" roundcorner="3,3">
    <Font name="" size="9" bold="false" italic="false" />
    <Font name="微软雅黑" size="12" bold="true" italic="false" />
    <VerticalLayout name="VerticalLayoutUI1" pos="0,0,233,81" width="233" height="81" bkimage="skin/background3.png">
        <Container name="ContainerUI1" bordersize="0" pos="0,0,310,25" width="310" height="25">
            <Label name="LabelUI1" text="免打扰" bkimage="" float="true" pos="6,5,100,18" textcolor="#FFFFFFFF" disabledtextcolor="#FFA7A6AA" font="1"/>
            <Button name="btnClose" float="true" pos="268,1,308,21" textcolor="#FF000000" disabledtextcolor="#FFA7A6AA" align="center" normalimage="skin/5.png" hotimage="skin/5-warning.png" />
        </Container>
        <Text name="TextUI1" text="游戏免打扰可以选择在游戏中屏蔽win键和弹窗" float="true" pos="27,42,295,66" textpadding="2,0,2,0" textcolor="#FF585858" disabledtextcolor="#FFA7A6AA" align="wrap" />
        <Text name="TextUI2" text="游戏中屏蔽win键" float="true" pos="27,80,176,97" textpadding="2,0,2,0" textcolor="#FF000000" disabledtextcolor="#FFA7A6AA" align="wrap" />
        <Text name="TextUI3" text="游戏中屏蔽弹窗" float="true" pos="27,106,176,123" textpadding="2,0,2,0" textcolor="#FF000000" disabledtextcolor="#FFA7A6AA" align="wrap" />
        <Option name="OptionUI1" float="true" pos="264,79,279,94" textcolor="#FF000000" disabledtextcolor="#FFA7A6AA" align="center" normalimage="skin/checkbox.png" hotimage="skin/checkbutton_uncheckedPushedTexture.bmp" pushedimage="skin/halfcheckbutton_checkedPushedTexture.bmp" selectedimage="skin/checkbox_active.png" />
        <Option name="OptionUI2" float="true" pos="264,105,279,120" textcolor="#FF000000" disabledtextcolor="#FFA7A6AA" align="center" normalimage="skin/checkbox.png" hotimage="skin/checkbutton_uncheckedPushedTexture.bmp" pushedimage="skin/halfcheckbutton_checkedPushedTexture.bmp" selectedimage="skin/checkbox_active.png" />
    </VerticalLayout>
</Window>
