﻿<?xml version="1.0" encoding="utf-8" standalone="yes" ?>
<Window size="307,164" sizebox="4,4,6,6" caption="0,0,0,30">
    <Font name="微软雅黑" size="12" bold="true" italic="false" />
    <Container name="ContainerUI1" pos="0,59,69,94" width="69" height="35" bkimage="skin/42.png">
        <Container name="ContainerUI3" pos="0,0,227,20" width="227" height="20">
            <Label name="LabelUI1" float="true" pos="4,0,68,22" bkimage="" text="优化记录" textcolor="#FFFFFFFF" disabledtextcolor="#FFA7A6AA" font="0"/>
            <Button name="btnClose" float="true" pos="265,0,305,20" textcolor="#FF000000" disabledtextcolor="#FFA7A6AA" align="center" normalimage="skin/5.png" hotimage="skin/5-warning.png" />
        </Container>
        <Container name="ContainerUI2" float="true" pos="12,28,298,84">
            <Label name="LabelUI1" float="true" pos="9,13,47,51" bkimage="skin/41.png" textcolor="#FF000000" disabledtextcolor="#FFA7A6AA" />
            <Container name="Container2" float="true" pos="193,3,254,52" bkimage="skin/40.png">
                <Label name="lbltime1" float="true" pos="9,11,28,35" textcolor="#FF000000" disabledtextcolor="#FFA7A6AA"/>
                <Label name="lbltime2" float="true" pos="34,11,53,35" textcolor="#FF000000" disabledtextcolor="#FFA7A6AA" />
            </Container>
            <Text name="tetTimeInfo" text="小时" float="true" pos="254,21,307,37" textpadding="2,0,2,0" textcolor="#FF000000" disabledtextcolor="#FFA7A6AA" align="wrap" />
            <Text name="TextUI2" text="游戏小管家为您加速游戏" float="true" pos="48,21,220,37" textpadding="2,0,2,0" textcolor="#FF000000" disabledtextcolor="#FFA7A6AA" align="wrap" />
        </Container>
        <Text name="TextUI4" text="累计释放内存资源" float="true" pos="27,104,206,118" textpadding="2,0,2,0" textcolor="#FF585858" disabledtextcolor="#FFA7A6AA" align="wrap" />
        <Text name="TextUI5" text="拦截恶意攻击" float="true" pos="27,131,206,145" textpadding="2,0,2,0" textcolor="#FF585858" disabledtextcolor="#FFA7A6AA" align="wrap" />
        <Text name="TextUI7" text="MB" float="true" pos="235,103,268,119" textpadding="2,0,2,0" textcolor="#FF585858" disabledtextcolor="#FFA7A6AA" align="wrap" />
        <Text name="TextUI8" text="次" float="true" pos="235,131,268,148" textpadding="2,0,2,0" textcolor="#FF585858" disabledtextcolor="#FFA7A6AA" align="wrap" />
  			<Label name="lblMem" text="198" float="true" pos="150,103,235,119" textcolor="#FF74C71D" disabledtextcolor="#FFA7A6AA" align="rightwrap" />
        <Label name="lblInjectCount" text="198" float="true" pos="208,129,235,147" textcolor="#FF74C71D" disabledtextcolor="#FFA7A6AA" align="rightwrap" />
    </Container>
</Window>
