﻿<?xml version="1.0" encoding="utf-8" standalone="yes" ?>
<Window size="307,164" sizebox="4,4,6,6" caption="0,0,0,30">
    <Font name="微软雅黑" size="12" bold="false" italic="false" underline="true"/>
    <Font name="微软雅黑" size="14" bold="false" italic="false"/>
    <Font name="微软雅黑" size="12" bold="true" italic="false" />
    <Container name="ContainerUI1" pos="0,59,69,94" width="69" height="35" bkimage="skin/tipsbackground.png">
        <Container name="ContainerUI2" float="true" pos="12,45,298,101">
	    <Label name="LabelUI1" float="true" pos="12,14,34,36"  bkimage="skin/info.png" textcolor="#FF000000" disabledtextcolor="#FFA7A6AA" />
            <Text name="TextUI1" text="生成桌面图标，用游戏小管家享受安全极速的游戏！" float="true" pos="39,9,274,43" textpadding="2,0,2,0" textcolor="#FF383838" disabledtextcolor="#FFA7A6AA" align="wrap" font="1"/>
        </Container>
        <Container name="ContainerUI3" float="true" pos="0,0,307,20">
            <Label name="LabelUI1" float="true" text="游戏小管家" pos="4,0,100,22" bkimage="" textcolor="#FFFFFFFF" disabledtextcolor="#FFA7A6AA" font="2"/>
            <Button name="btnClose" float="true" pos="265,0,305,20" textcolor="#FF000000" disabledtextcolor="#FFA7A6AA" align="center" normalimage="skin/5.png" hotimage="skin/5-warning.png" />
        </Container>
        <Button name="ButtonUI1" text="生成桌面图标" float="true" pos="199,127,293,153" textcolor="#FF383838" disabledtextcolor="#FFA7A6AA" align="center" normalimage="skin/35.png" hotimage="skin/35-1.png" pushedimage="skin/35-2.png" />
        <Button name="ButtonUI2" text="暂不生成" float="true" pos="130,130,192,155" textcolor="#000080FF" disabledtextcolor="#FFA7A6AA" align="center" font="0"/>
    </Container>
</Window>
