﻿<?xml version="1.0" encoding="utf-8" standalone="yes" ?>
<Window size="158,150" sizebox="4,4,6,6" caption="0,0,0,0">
    <VerticalLayout name="VerticalLayoutUI1" pos="59,33,141,101" width="82" height="68" bkimage="skin/rmenu.png" inset="5,5,0,0">
        <Button name="ButtonUI1" text="       优化记录" pos="15,0,216,24" width="201" height="24" textcolor="#FF585858" disabledtextcolor="#FFA7A6AA" align="left"/>
        <Button name="ButtonUI2" text="       悬浮窗始终在最前" pos="15,0,216,24" width="201" height="24" textcolor="#FF585858" disabledtextcolor="#FFA7A6AA" align="left"/>
        <Button name="ButtonUI3" text="       隐藏悬浮窗" pos="15,0,216,24" width="201" height="24" textcolor="#FF585858" disabledtextcolor="#FFA7A6AA" align="left"/>
        <Button name="ButtonUI4" text="       游戏小管家设置" pos="15,0,216,24" width="201" height="24" textcolor="#FF585858" disabledtextcolor="#FFA7A6AA" align="left"/>
        <Button name="ButtonUI5" text="       反馈意见" pos="15,0,216,24" width="201" height="24" textcolor="#FF585858" disabledtextcolor="#FFA7A6AA" align="left"/>
        <Button name="ButtonUI6" text="       退出游戏小管家" pos="15,0,216,25" width="201" height="25" textcolor="#FF585858" disabledtextcolor="#FFA7A6AA" align="left"/>
    </VerticalLayout>
</Window>
