﻿<?xml version="1.0" encoding="utf-8" standalone="yes" ?>
<Window size="310,148" sizebox="4,4,6,6" caption="0,0,0,30" roundcorner="3,3">
    <Font name="" size="9" bold="false" italic="false" />
    <Font name="微软雅黑" size="12" bold="true" italic="false" />
    <VerticalLayout name="VerticalLayoutUI1" pos="0,0,370,291" width="370" height="291" bkimage="skin/background3.png">
        <Container name="ContainerUI1" pos="0,0,310,20" width="310" height="20">
            <Label name="LabelUI1"  float="true" pos="6,5,100,18" bkimage="" text="设置" textcolor="#FFFFFFFF" disabledtextcolor="#FFA7A6AA" font="1"/>
            <Button name="btnClose" float="true" pos="268,0,308,20" textcolor="#FF000000" disabledtextcolor="#FFA7A6AA" align="center" normalimage="skin/5.png" hotimage="skin/5-warning.png" />
        </Container>
        <Text name="TextUI2" text="悬浮窗总在最前" float="true" pos="32,46,188,61" textpadding="2,0,2,0" textcolor="#FF000000" disabledtextcolor="#FFA7A6AA" align="wrap" />
        <Text name="TextUI3" text="智能优化自动开启" float="true" pos="32,78,188,93" textpadding="2,0,2,0" textcolor="#FF000000" disabledtextcolor="#FFA7A6AA" align="wrap" />
        <Option name="OptionUI1" float="true" pos="263,45,278,60" textcolor="#FF000000" disabledtextcolor="#FFA7A6AA" align="center" normalimage="skin/checkbox.png" hotimage="skin/checkbutton_uncheckedPushedTexture.bmp" pushedimage="skin/halfcheckbutton_checkedPushedTexture.bmp" selectedimage="skin/checkbox_active.png" />
        <Text name="TextUI1" text="开机启动" visible="false" float="true" pos="32,87,192,102" textpadding="2,0,2,0" textcolor="#FF000000" disabledtextcolor="#FFA7A6AA" align="wrap" />
        <Text name="TextUI4" text="游戏结束提示" float="true" pos="32,110,186,125" textpadding="2,0,2,0" textcolor="#FF000000" disabledtextcolor="#FFA7A6AA" align="wrap" />
        <Option name="OptionUI2" float="true" pos="263,77,278,92" textcolor="#FF000000" disabledtextcolor="#FFA7A6AA" align="center" normalimage="skin/checkbox.png" hotimage="skin/checkbutton_uncheckedPushedTexture.bmp" pushedimage="skin/halfcheckbutton_checkedPushedTexture.bmp" selectedimage="skin/checkbox_active.png" />
        <Option name="OptionUI3" visible="false" float="true" pos="199,86,214,101" textcolor="#FF000000" disabledtextcolor="#FFA7A6AA" align="center" normalimage="skin/checkbox.png" hotimage="skin/checkbutton_uncheckedPushedTexture.bmp" pushedimage="skin/halfcheckbutton_checkedPushedTexture.bmp" selectedimage="skin/checkbox_active.png" />
        <Option name="OptionUI4" float="true" pos="263,109,278,124" textcolor="#FF000000" disabledtextcolor="#FFA7A6AA" align="center" normalimage="skin/checkbox.png" hotimage="skin/checkbutton_uncheckedPushedTexture.bmp" pushedimage="skin/halfcheckbutton_checkedPushedTexture.bmp" selectedimage="skin/checkbox_active.png" />
    </VerticalLayout>
</Window>
