﻿<?xml version="1.0" encoding="utf-8" standalone="yes" ?>
<Window size="307,123" sizebox="4,4,6,6" caption="0,0,0,30">
    <Font name="微软雅黑" size="14" bold="false" italic="false" />	
    <Font name="微软雅黑" size="16" bold="true" italic="false" />
    <Container name="ContainerUI1" pos="77,31,239,105" width="162" height="74" bkimage="skin/bkg_rokect.png">
        <Label name="LabelUI1" text="游戏小管家提醒您:" float="true" pos="80,45,299,60" textcolor="#00383838" disabledtextcolor="#FFA7A6AA" font="0" />
        <Label name="LabelUI2" float="true" pos="45,65,76,96" bkimage="refresh_1.png" textcolor="#FF000000" disabledtextcolor="#FFA7A6AA" />
        <Text name="TextUI1" text="帐号安全已开启" float="true" pos="87,70,294,101" textpadding="2,0,2,0" textcolor="#0034A801" disabledtextcolor="#FFA7A6AA" align="wrap" font="1"/>
        <Label name="LabelUI3" float="true" pos="6,4,24,22" bkimage="skin/title_icon.png" textcolor="#FF000000" disabledtextcolor="#FFA7A6AA" />
        <Label name="LabelUI4" text="游戏小管家" float="true" pos="26,6,150,23" textcolor="#00FFFBF0" disabledtextcolor="#FFA7A6AA" />
	<Button name="btnClose" float="true" pos="265,0,305,20" textcolor="#FF000000" disabledtextcolor="#FFA7A6AA" align="center" normalimage="skin/5.png" hotimage="skin/5-warning.png" />
    </Container>
</Window>
